{
  "Im Bachmichel 21, 63654 Büdingen": [
    50.2938623,
    9.1079208
  ],
  "Martin-Luther-Straße 12, 61118 Bad Vilbel": [
    50.1750973,
    8.7153614
  ],
  "Weiseler Strasse 46, 35510 Butzbach": [
    50.4311888,
    8.6711583
  ],
  "Quellenstraße 21, 61118 Bad Vilbel": [
    50.1862462,
    8.7450547
  ]
}